[
{
    "model": "admin.logentry",
    "pk": 1,
    "fields": {
        "action_time": "2024-03-10T16:04:15.247Z",
        "user": 14,
        "content_type": 3,
        "object_id": "1",
        "object_repr": "cliente",
        "action_flag": 1,
        "change_message": "[{\"added\": {}}]"
    }
},
{
    "model": "admin.logentry",
    "pk": 2,
    "fields": {
        "action_time": "2024-03-10T16:04:42.423Z",
        "user": 14,
        "content_type": 3,
        "object_id": "2",
        "object_repr": "duenyorecinto",
        "action_flag": 1,
        "change_message": "[{\"added\": {}}]"
    }
},
{
    "model": "admin.logentry",
    "pk": 3,
    "fields": {
        "action_time": "2024-03-10T16:06:10.338Z",
        "user": 14,
        "content_type": 3,
        "object_id": "1",
        "object_repr": "cliente",
        "action_flag": 2,
        "change_message": "[{\"changed\": {\"fields\": [\"Permissions\"]}}]"
    }
},
{
    "model": "admin.logentry",
    "pk": 4,
    "fields": {
        "action_time": "2024-03-10T16:06:43.143Z",
        "user": 14,
        "content_type": 3,
        "object_id": "1",
        "object_repr": "cliente",
        "action_flag": 2,
        "change_message": "[{\"changed\": {\"fields\": [\"Permissions\"]}}]"
    }
},
{
    "model": "admin.logentry",
    "pk": 5,
    "fields": {
        "action_time": "2024-03-10T16:07:17.023Z",
        "user": 14,
        "content_type": 3,
        "object_id": "1",
        "object_repr": "cliente",
        "action_flag": 2,
        "change_message": "[{\"changed\": {\"fields\": [\"Permissions\"]}}]"
    }
},
{
    "model": "admin.logentry",
    "pk": 6,
    "fields": {
        "action_time": "2024-03-10T16:08:34.890Z",
        "user": 14,
        "content_type": 3,
        "object_id": "2",
        "object_repr": "duenyorecinto",
        "action_flag": 2,
        "change_message": "[]"
    }
},
{
    "model": "admin.logentry",
    "pk": 7,
    "fields": {
        "action_time": "2024-03-10T16:09:01.061Z",
        "user": 14,
        "content_type": 3,
        "object_id": "2",
        "object_repr": "duenyorecinto",
        "action_flag": 2,
        "change_message": "[{\"changed\": {\"fields\": [\"Permissions\"]}}]"
    }
},
{
    "model": "admin.logentry",
    "pk": 8,
    "fields": {
        "action_time": "2024-03-10T16:09:21.836Z",
        "user": 14,
        "content_type": 3,
        "object_id": "2",
        "object_repr": "duenyorecinto",
        "action_flag": 2,
        "change_message": "[{\"changed\": {\"fields\": [\"Permissions\"]}}]"
    }
},
{
    "model": "admin.logentry",
    "pk": 9,
    "fields": {
        "action_time": "2024-03-10T16:36:43.012Z",
        "user": 14,
        "content_type": 3,
        "object_id": "2",
        "object_repr": "duenyorecinto",
        "action_flag": 2,
        "change_message": "[{\"changed\": {\"fields\": [\"Permissions\"]}}]"
    }
},
{
    "model": "auth.permission",
    "pk": 1,
    "fields": {
        "name": "Can add log entry",
        "content_type": 1,
        "codename": "add_logentry"
    }
},
{
    "model": "auth.permission",
    "pk": 2,
    "fields": {
        "name": "Can change log entry",
        "content_type": 1,
        "codename": "change_logentry"
    }
},
{
    "model": "auth.permission",
    "pk": 3,
    "fields": {
        "name": "Can delete log entry",
        "content_type": 1,
        "codename": "delete_logentry"
    }
},
{
    "model": "auth.permission",
    "pk": 4,
    "fields": {
        "name": "Can view log entry",
        "content_type": 1,
        "codename": "view_logentry"
    }
},
{
    "model": "auth.permission",
    "pk": 5,
    "fields": {
        "name": "Can add permission",
        "content_type": 2,
        "codename": "add_permission"
    }
},
{
    "model": "auth.permission",
    "pk": 6,
    "fields": {
        "name": "Can change permission",
        "content_type": 2,
        "codename": "change_permission"
    }
},
{
    "model": "auth.permission",
    "pk": 7,
    "fields": {
        "name": "Can delete permission",
        "content_type": 2,
        "codename": "delete_permission"
    }
},
{
    "model": "auth.permission",
    "pk": 8,
    "fields": {
        "name": "Can view permission",
        "content_type": 2,
        "codename": "view_permission"
    }
},
{
    "model": "auth.permission",
    "pk": 9,
    "fields": {
        "name": "Can add group",
        "content_type": 3,
        "codename": "add_group"
    }
},
{
    "model": "auth.permission",
    "pk": 10,
    "fields": {
        "name": "Can change group",
        "content_type": 3,
        "codename": "change_group"
    }
},
{
    "model": "auth.permission",
    "pk": 11,
    "fields": {
        "name": "Can delete group",
        "content_type": 3,
        "codename": "delete_group"
    }
},
{
    "model": "auth.permission",
    "pk": 12,
    "fields": {
        "name": "Can view group",
        "content_type": 3,
        "codename": "view_group"
    }
},
{
    "model": "auth.permission",
    "pk": 13,
    "fields": {
        "name": "Can add content type",
        "content_type": 4,
        "codename": "add_contenttype"
    }
},
{
    "model": "auth.permission",
    "pk": 14,
    "fields": {
        "name": "Can change content type",
        "content_type": 4,
        "codename": "change_contenttype"
    }
},
{
    "model": "auth.permission",
    "pk": 15,
    "fields": {
        "name": "Can delete content type",
        "content_type": 4,
        "codename": "delete_contenttype"
    }
},
{
    "model": "auth.permission",
    "pk": 16,
    "fields": {
        "name": "Can view content type",
        "content_type": 4,
        "codename": "view_contenttype"
    }
},
{
    "model": "auth.permission",
    "pk": 17,
    "fields": {
        "name": "Can add session",
        "content_type": 5,
        "codename": "add_session"
    }
},
{
    "model": "auth.permission",
    "pk": 18,
    "fields": {
        "name": "Can change session",
        "content_type": 5,
        "codename": "change_session"
    }
},
{
    "model": "auth.permission",
    "pk": 19,
    "fields": {
        "name": "Can delete session",
        "content_type": 5,
        "codename": "delete_session"
    }
},
{
    "model": "auth.permission",
    "pk": 20,
    "fields": {
        "name": "Can view session",
        "content_type": 5,
        "codename": "view_session"
    }
},
{
    "model": "auth.permission",
    "pk": 21,
    "fields": {
        "name": "Can add user",
        "content_type": 6,
        "codename": "add_usuario"
    }
},
{
    "model": "auth.permission",
    "pk": 22,
    "fields": {
        "name": "Can change user",
        "content_type": 6,
        "codename": "change_usuario"
    }
},
{
    "model": "auth.permission",
    "pk": 23,
    "fields": {
        "name": "Can delete user",
        "content_type": 6,
        "codename": "delete_usuario"
    }
},
{
    "model": "auth.permission",
    "pk": 24,
    "fields": {
        "name": "Can view user",
        "content_type": 6,
        "codename": "view_usuario"
    }
},
{
    "model": "auth.permission",
    "pk": 25,
    "fields": {
        "name": "Can add cliente",
        "content_type": 7,
        "codename": "add_cliente"
    }
},
{
    "model": "auth.permission",
    "pk": 26,
    "fields": {
        "name": "Can change cliente",
        "content_type": 7,
        "codename": "change_cliente"
    }
},
{
    "model": "auth.permission",
    "pk": 27,
    "fields": {
        "name": "Can delete cliente",
        "content_type": 7,
        "codename": "delete_cliente"
    }
},
{
    "model": "auth.permission",
    "pk": 28,
    "fields": {
        "name": "Can view cliente",
        "content_type": 7,
        "codename": "view_cliente"
    }
},
{
    "model": "auth.permission",
    "pk": 29,
    "fields": {
        "name": "Can add dueñorecinto",
        "content_type": 8,
        "codename": "add_dueñorecinto"
    }
},
{
    "model": "auth.permission",
    "pk": 30,
    "fields": {
        "name": "Can change dueñorecinto",
        "content_type": 8,
        "codename": "change_dueñorecinto"
    }
},
{
    "model": "auth.permission",
    "pk": 31,
    "fields": {
        "name": "Can delete dueñorecinto",
        "content_type": 8,
        "codename": "delete_dueñorecinto"
    }
},
{
    "model": "auth.permission",
    "pk": 32,
    "fields": {
        "name": "Can view dueñorecinto",
        "content_type": 8,
        "codename": "view_dueñorecinto"
    }
},
{
    "model": "auth.permission",
    "pk": 33,
    "fields": {
        "name": "Can add jugador_partido",
        "content_type": 9,
        "codename": "add_jugador_partido"
    }
},
{
    "model": "auth.permission",
    "pk": 34,
    "fields": {
        "name": "Can change jugador_partido",
        "content_type": 9,
        "codename": "change_jugador_partido"
    }
},
{
    "model": "auth.permission",
    "pk": 35,
    "fields": {
        "name": "Can delete jugador_partido",
        "content_type": 9,
        "codename": "delete_jugador_partido"
    }
},
{
    "model": "auth.permission",
    "pk": 36,
    "fields": {
        "name": "Can view jugador_partido",
        "content_type": 9,
        "codename": "view_jugador_partido"
    }
},
{
    "model": "auth.permission",
    "pk": 37,
    "fields": {
        "name": "Can add partido",
        "content_type": 10,
        "codename": "add_partido"
    }
},
{
    "model": "auth.permission",
    "pk": 38,
    "fields": {
        "name": "Can change partido",
        "content_type": 10,
        "codename": "change_partido"
    }
},
{
    "model": "auth.permission",
    "pk": 39,
    "fields": {
        "name": "Can delete partido",
        "content_type": 10,
        "codename": "delete_partido"
    }
},
{
    "model": "auth.permission",
    "pk": 40,
    "fields": {
        "name": "Can view partido",
        "content_type": 10,
        "codename": "view_partido"
    }
},
{
    "model": "auth.permission",
    "pk": 41,
    "fields": {
        "name": "Can add votacion_partido",
        "content_type": 11,
        "codename": "add_votacion_partido"
    }
},
{
    "model": "auth.permission",
    "pk": 42,
    "fields": {
        "name": "Can change votacion_partido",
        "content_type": 11,
        "codename": "change_votacion_partido"
    }
},
{
    "model": "auth.permission",
    "pk": 43,
    "fields": {
        "name": "Can delete votacion_partido",
        "content_type": 11,
        "codename": "delete_votacion_partido"
    }
},
{
    "model": "auth.permission",
    "pk": 44,
    "fields": {
        "name": "Can view votacion_partido",
        "content_type": 11,
        "codename": "view_votacion_partido"
    }
},
{
    "model": "auth.permission",
    "pk": 45,
    "fields": {
        "name": "Can add resultado",
        "content_type": 12,
        "codename": "add_resultado"
    }
},
{
    "model": "auth.permission",
    "pk": 46,
    "fields": {
        "name": "Can change resultado",
        "content_type": 12,
        "codename": "change_resultado"
    }
},
{
    "model": "auth.permission",
    "pk": 47,
    "fields": {
        "name": "Can delete resultado",
        "content_type": 12,
        "codename": "delete_resultado"
    }
},
{
    "model": "auth.permission",
    "pk": 48,
    "fields": {
        "name": "Can view resultado",
        "content_type": 12,
        "codename": "view_resultado"
    }
},
{
    "model": "auth.permission",
    "pk": 49,
    "fields": {
        "name": "Can add recinto",
        "content_type": 13,
        "codename": "add_recinto"
    }
},
{
    "model": "auth.permission",
    "pk": 50,
    "fields": {
        "name": "Can change recinto",
        "content_type": 13,
        "codename": "change_recinto"
    }
},
{
    "model": "auth.permission",
    "pk": 51,
    "fields": {
        "name": "Can delete recinto",
        "content_type": 13,
        "codename": "delete_recinto"
    }
},
{
    "model": "auth.permission",
    "pk": 52,
    "fields": {
        "name": "Can view recinto",
        "content_type": 13,
        "codename": "view_recinto"
    }
},
{
    "model": "auth.permission",
    "pk": 53,
    "fields": {
        "name": "Can add promocion",
        "content_type": 14,
        "codename": "add_promocion"
    }
},
{
    "model": "auth.permission",
    "pk": 54,
    "fields": {
        "name": "Can change promocion",
        "content_type": 14,
        "codename": "change_promocion"
    }
},
{
    "model": "auth.permission",
    "pk": 55,
    "fields": {
        "name": "Can delete promocion",
        "content_type": 14,
        "codename": "delete_promocion"
    }
},
{
    "model": "auth.permission",
    "pk": 56,
    "fields": {
        "name": "Can view promocion",
        "content_type": 14,
        "codename": "view_promocion"
    }
},
{
    "model": "auth.permission",
    "pk": 57,
    "fields": {
        "name": "Can add post",
        "content_type": 15,
        "codename": "add_post"
    }
},
{
    "model": "auth.permission",
    "pk": 58,
    "fields": {
        "name": "Can change post",
        "content_type": 15,
        "codename": "change_post"
    }
},
{
    "model": "auth.permission",
    "pk": 59,
    "fields": {
        "name": "Can delete post",
        "content_type": 15,
        "codename": "delete_post"
    }
},
{
    "model": "auth.permission",
    "pk": 60,
    "fields": {
        "name": "Can view post",
        "content_type": 15,
        "codename": "view_post"
    }
},
{
    "model": "auth.permission",
    "pk": 61,
    "fields": {
        "name": "Can add datos usuario",
        "content_type": 16,
        "codename": "add_datosusuario"
    }
},
{
    "model": "auth.permission",
    "pk": 62,
    "fields": {
        "name": "Can change datos usuario",
        "content_type": 16,
        "codename": "change_datosusuario"
    }
},
{
    "model": "auth.permission",
    "pk": 63,
    "fields": {
        "name": "Can delete datos usuario",
        "content_type": 16,
        "codename": "delete_datosusuario"
    }
},
{
    "model": "auth.permission",
    "pk": 64,
    "fields": {
        "name": "Can view datos usuario",
        "content_type": 16,
        "codename": "view_datosusuario"
    }
},
{
    "model": "auth.permission",
    "pk": 65,
    "fields": {
        "name": "Can add cuenta_bancaria",
        "content_type": 17,
        "codename": "add_cuenta_bancaria"
    }
},
{
    "model": "auth.permission",
    "pk": 66,
    "fields": {
        "name": "Can change cuenta_bancaria",
        "content_type": 17,
        "codename": "change_cuenta_bancaria"
    }
},
{
    "model": "auth.permission",
    "pk": 67,
    "fields": {
        "name": "Can delete cuenta_bancaria",
        "content_type": 17,
        "codename": "delete_cuenta_bancaria"
    }
},
{
    "model": "auth.permission",
    "pk": 68,
    "fields": {
        "name": "Can view cuenta_bancaria",
        "content_type": 17,
        "codename": "view_cuenta_bancaria"
    }
},
{
    "model": "auth.permission",
    "pk": 69,
    "fields": {
        "name": "Can add uploaded file",
        "content_type": 18,
        "codename": "add_uploadedfile"
    }
},
{
    "model": "auth.permission",
    "pk": 70,
    "fields": {
        "name": "Can change uploaded file",
        "content_type": 18,
        "codename": "change_uploadedfile"
    }
},
{
    "model": "auth.permission",
    "pk": 71,
    "fields": {
        "name": "Can delete uploaded file",
        "content_type": 18,
        "codename": "delete_uploadedfile"
    }
},
{
    "model": "auth.permission",
    "pk": 72,
    "fields": {
        "name": "Can view uploaded file",
        "content_type": 18,
        "codename": "view_uploadedfile"
    }
},
{
    "model": "auth.permission",
    "pk": 73,
    "fields": {
        "name": "Can add application",
        "content_type": 19,
        "codename": "add_application"
    }
},
{
    "model": "auth.permission",
    "pk": 74,
    "fields": {
        "name": "Can change application",
        "content_type": 19,
        "codename": "change_application"
    }
},
{
    "model": "auth.permission",
    "pk": 75,
    "fields": {
        "name": "Can delete application",
        "content_type": 19,
        "codename": "delete_application"
    }
},
{
    "model": "auth.permission",
    "pk": 76,
    "fields": {
        "name": "Can view application",
        "content_type": 19,
        "codename": "view_application"
    }
},
{
    "model": "auth.permission",
    "pk": 77,
    "fields": {
        "name": "Can add access token",
        "content_type": 20,
        "codename": "add_accesstoken"
    }
},
{
    "model": "auth.permission",
    "pk": 78,
    "fields": {
        "name": "Can change access token",
        "content_type": 20,
        "codename": "change_accesstoken"
    }
},
{
    "model": "auth.permission",
    "pk": 79,
    "fields": {
        "name": "Can delete access token",
        "content_type": 20,
        "codename": "delete_accesstoken"
    }
},
{
    "model": "auth.permission",
    "pk": 80,
    "fields": {
        "name": "Can view access token",
        "content_type": 20,
        "codename": "view_accesstoken"
    }
},
{
    "model": "auth.permission",
    "pk": 81,
    "fields": {
        "name": "Can add grant",
        "content_type": 21,
        "codename": "add_grant"
    }
},
{
    "model": "auth.permission",
    "pk": 82,
    "fields": {
        "name": "Can change grant",
        "content_type": 21,
        "codename": "change_grant"
    }
},
{
    "model": "auth.permission",
    "pk": 83,
    "fields": {
        "name": "Can delete grant",
        "content_type": 21,
        "codename": "delete_grant"
    }
},
{
    "model": "auth.permission",
    "pk": 84,
    "fields": {
        "name": "Can view grant",
        "content_type": 21,
        "codename": "view_grant"
    }
},
{
    "model": "auth.permission",
    "pk": 85,
    "fields": {
        "name": "Can add refresh token",
        "content_type": 22,
        "codename": "add_refreshtoken"
    }
},
{
    "model": "auth.permission",
    "pk": 86,
    "fields": {
        "name": "Can change refresh token",
        "content_type": 22,
        "codename": "change_refreshtoken"
    }
},
{
    "model": "auth.permission",
    "pk": 87,
    "fields": {
        "name": "Can delete refresh token",
        "content_type": 22,
        "codename": "delete_refreshtoken"
    }
},
{
    "model": "auth.permission",
    "pk": 88,
    "fields": {
        "name": "Can view refresh token",
        "content_type": 22,
        "codename": "view_refreshtoken"
    }
},
{
    "model": "auth.permission",
    "pk": 89,
    "fields": {
        "name": "Can add id token",
        "content_type": 23,
        "codename": "add_idtoken"
    }
},
{
    "model": "auth.permission",
    "pk": 90,
    "fields": {
        "name": "Can change id token",
        "content_type": 23,
        "codename": "change_idtoken"
    }
},
{
    "model": "auth.permission",
    "pk": 91,
    "fields": {
        "name": "Can delete id token",
        "content_type": 23,
        "codename": "delete_idtoken"
    }
},
{
    "model": "auth.permission",
    "pk": 92,
    "fields": {
        "name": "Can view id token",
        "content_type": 23,
        "codename": "view_idtoken"
    }
},
{
    "model": "auth.permission",
    "pk": 93,
    "fields": {
        "name": "Can add duenyorecinto",
        "content_type": 8,
        "codename": "add_duenyorecinto"
    }
},
{
    "model": "auth.permission",
    "pk": 94,
    "fields": {
        "name": "Can change duenyorecinto",
        "content_type": 8,
        "codename": "change_duenyorecinto"
    }
},
{
    "model": "auth.permission",
    "pk": 95,
    "fields": {
        "name": "Can delete duenyorecinto",
        "content_type": 8,
        "codename": "delete_duenyorecinto"
    }
},
{
    "model": "auth.permission",
    "pk": 96,
    "fields": {
        "name": "Can view duenyorecinto",
        "content_type": 8,
        "codename": "view_duenyorecinto"
    }
},
{
    "model": "auth.group",
    "pk": 1,
    "fields": {
        "name": "cliente",
        "permissions": [
            28,
            61,
            62,
            63,
            64,
            96,
            37,
            38,
            39,
            40,
            52
        ]
    }
},
{
    "model": "auth.group",
    "pk": 2,
    "fields": {
        "name": "duenyorecinto",
        "permissions": [
            64,
            96,
            40,
            49,
            50,
            51,
            52
        ]
    }
},
{
    "model": "contenttypes.contenttype",
    "pk": 1,
    "fields": {
        "app_label": "admin",
        "model": "logentry"
    }
},
{
    "model": "contenttypes.contenttype",
    "pk": 2,
    "fields": {
        "app_label": "auth",
        "model": "permission"
    }
},
{
    "model": "contenttypes.contenttype",
    "pk": 3,
    "fields": {
        "app_label": "auth",
        "model": "group"
    }
},
{
    "model": "contenttypes.contenttype",
    "pk": 4,
    "fields": {
        "app_label": "contenttypes",
        "model": "contenttype"
    }
},
{
    "model": "contenttypes.contenttype",
    "pk": 5,
    "fields": {
        "app_label": "sessions",
        "model": "session"
    }
},
{
    "model": "contenttypes.contenttype",
    "pk": 6,
    "fields": {
        "app_label": "appFutbol",
        "model": "usuario"
    }
},
{
    "model": "contenttypes.contenttype",
    "pk": 7,
    "fields": {
        "app_label": "appFutbol",
        "model": "cliente"
    }
},
{
    "model": "contenttypes.contenttype",
    "pk": 8,
    "fields": {
        "app_label": "appFutbol",
        "model": "duenyorecinto"
    }
},
{
    "model": "contenttypes.contenttype",
    "pk": 9,
    "fields": {
        "app_label": "appFutbol",
        "model": "jugador_partido"
    }
},
{
    "model": "contenttypes.contenttype",
    "pk": 10,
    "fields": {
        "app_label": "appFutbol",
        "model": "partido"
    }
},
{
    "model": "contenttypes.contenttype",
    "pk": 11,
    "fields": {
        "app_label": "appFutbol",
        "model": "votacion_partido"
    }
},
{
    "model": "contenttypes.contenttype",
    "pk": 12,
    "fields": {
        "app_label": "appFutbol",
        "model": "resultado"
    }
},
{
    "model": "contenttypes.contenttype",
    "pk": 13,
    "fields": {
        "app_label": "appFutbol",
        "model": "recinto"
    }
},
{
    "model": "contenttypes.contenttype",
    "pk": 14,
    "fields": {
        "app_label": "appFutbol",
        "model": "promocion"
    }
},
{
    "model": "contenttypes.contenttype",
    "pk": 15,
    "fields": {
        "app_label": "appFutbol",
        "model": "post"
    }
},
{
    "model": "contenttypes.contenttype",
    "pk": 16,
    "fields": {
        "app_label": "appFutbol",
        "model": "datosusuario"
    }
},
{
    "model": "contenttypes.contenttype",
    "pk": 17,
    "fields": {
        "app_label": "appFutbol",
        "model": "cuenta_bancaria"
    }
},
{
    "model": "contenttypes.contenttype",
    "pk": 18,
    "fields": {
        "app_label": "appFutbol",
        "model": "uploadedfile"
    }
},
{
    "model": "contenttypes.contenttype",
    "pk": 19,
    "fields": {
        "app_label": "oauth2_provider",
        "model": "application"
    }
},
{
    "model": "contenttypes.contenttype",
    "pk": 20,
    "fields": {
        "app_label": "oauth2_provider",
        "model": "accesstoken"
    }
},
{
    "model": "contenttypes.contenttype",
    "pk": 21,
    "fields": {
        "app_label": "oauth2_provider",
        "model": "grant"
    }
},
{
    "model": "contenttypes.contenttype",
    "pk": 22,
    "fields": {
        "app_label": "oauth2_provider",
        "model": "refreshtoken"
    }
},
{
    "model": "contenttypes.contenttype",
    "pk": 23,
    "fields": {
        "app_label": "oauth2_provider",
        "model": "idtoken"
    }
},
{
    "model": "appFutbol.usuario",
    "pk": 1,
    "fields": {
        "password": "pbkdf2_sha256$600000$SNK8ZsbPXej1XqOo5rSGR5$NUKQE1lmA/h05+D9UeFz3iAoMyyTp/ujsJGaX35hGFc=",
        "last_login": null,
        "is_superuser": false,
        "username": "usuariopython",
        "first_name": "",
        "last_name": "",
        "email": "ww@gmail.com",
        "is_staff": false,
        "is_active": true,
        "date_joined": "2024-03-10T11:27:48.880Z",
        "rol": 2,
        "groups": [],
        "user_permissions": []
    }
},
{
    "model": "appFutbol.usuario",
    "pk": 2,
    "fields": {
        "password": "pbkdf2_sha256$600000$wwYZWRR9YgfyN4HzWtQg4o$ubiUZPH2GD+/BxoAtYhuRiG0YEVBhObvr4t4SZhLvFo=",
        "last_login": null,
        "is_superuser": false,
        "username": "clienteprueba",
        "first_name": "",
        "last_name": "",
        "email": "ww@gmail.com",
        "is_staff": false,
        "is_active": true,
        "date_joined": "2024-03-10T12:06:47.233Z",
        "rol": 2,
        "groups": [],
        "user_permissions": []
    }
},
{
    "model": "appFutbol.usuario",
    "pk": 3,
    "fields": {
        "password": "pbkdf2_sha256$600000$RFw83PNwT1moykEKaC2iFy$519T8CQFESINC9gHEqRey76p+a80PWoM7Bt4feaqsgs=",
        "last_login": null,
        "is_superuser": false,
        "username": "pruebapython",
        "first_name": "",
        "last_name": "",
        "email": "ww@gmail.com",
        "is_staff": false,
        "is_active": true,
        "date_joined": "2024-03-10T12:08:20.193Z",
        "rol": 2,
        "groups": [],
        "user_permissions": []
    }
},
{
    "model": "appFutbol.usuario",
    "pk": 4,
    "fields": {
        "password": "pbkdf2_sha256$600000$QAtpA6C4qurj2Sd46QCj7l$lG+DkvowIHbmtF5EwSWCDB/eZBhsDKf/eDvAx5vI9b0=",
        "last_login": null,
        "is_superuser": false,
        "username": "clientepython",
        "first_name": "",
        "last_name": "",
        "email": "ee@gmail.com",
        "is_staff": false,
        "is_active": true,
        "date_joined": "2024-03-10T12:16:48.903Z",
        "rol": 2,
        "groups": [],
        "user_permissions": []
    }
},
{
    "model": "appFutbol.usuario",
    "pk": 5,
    "fields": {
        "password": "pbkdf2_sha256$600000$lPr45Gjkze4ojQVBXYwujt$LFfbu6Y9BD/AYHKaYZjs4L9xCc1I4XqPsEvvFf0QmHQ=",
        "last_login": null,
        "is_superuser": false,
        "username": "pruebapython2",
        "first_name": "",
        "last_name": "",
        "email": "huevo@gmail.com",
        "is_staff": false,
        "is_active": true,
        "date_joined": "2024-03-10T12:18:33.969Z",
        "rol": 2,
        "groups": [],
        "user_permissions": []
    }
},
{
    "model": "appFutbol.usuario",
    "pk": 6,
    "fields": {
        "password": "pbkdf2_sha256$600000$WrBwNAdjfoGKFd4i9EBl7m$hQ2wLNa2QmQeHuo6GDI537uemAlTfW6aN6Wsuiq2Dy0=",
        "last_login": null,
        "is_superuser": false,
        "username": "pruebapython3",
        "first_name": "",
        "last_name": "",
        "email": "manuelitaaa.agb96@gmail.com",
        "is_staff": false,
        "is_active": true,
        "date_joined": "2024-03-10T12:19:54.371Z",
        "rol": 2,
        "groups": [],
        "user_permissions": []
    }
},
{
    "model": "appFutbol.usuario",
    "pk": 7,
    "fields": {
        "password": "pbkdf2_sha256$600000$wSJ8hhZHaYW7TMa01PafaA$qw8h/Q2w8htU2K/fEXoiZmJOvkAEm9JtWXNyTCaglfc=",
        "last_login": null,
        "is_superuser": false,
        "username": "pruebapython4",
        "first_name": "",
        "last_name": "",
        "email": "manuelitaaa.agb96@gmail.com",
        "is_staff": false,
        "is_active": true,
        "date_joined": "2024-03-10T12:23:37.324Z",
        "rol": 2,
        "groups": [],
        "user_permissions": []
    }
},
{
    "model": "appFutbol.usuario",
    "pk": 8,
    "fields": {
        "password": "pbkdf2_sha256$600000$k3tK1tqGv56xwHuTwvdk3O$8y0oPvHnRgA1G6DAn1XJ29eS/vOT29XKdxqiIZ27gzs=",
        "last_login": null,
        "is_superuser": false,
        "username": "pruebapython5",
        "first_name": "",
        "last_name": "",
        "email": "huevo@gmail.com",
        "is_staff": false,
        "is_active": true,
        "date_joined": "2024-03-10T12:24:37.075Z",
        "rol": 2,
        "groups": [],
        "user_permissions": []
    }
},
{
    "model": "appFutbol.usuario",
    "pk": 9,
    "fields": {
        "password": "pbkdf2_sha256$600000$j2YTEyQiJ5vv1GeZHodK8o$ElvrBdKUUMa16qVBRIDDDrRpxcxGERkzrycpJctgILg=",
        "last_login": null,
        "is_superuser": false,
        "username": "pruebapython7",
        "first_name": "",
        "last_name": "",
        "email": "tt@gmail.com",
        "is_staff": false,
        "is_active": true,
        "date_joined": "2024-03-10T13:15:37.593Z",
        "rol": 2,
        "groups": [],
        "user_permissions": []
    }
},
{
    "model": "appFutbol.usuario",
    "pk": 10,
    "fields": {
        "password": "pbkdf2_sha256$600000$Cf1XIzlKdfMCVW3CkR9jDD$NPCFbZxwCjHE3NRDnNnfnZ44K5ujto1GMxe71fJvgTA=",
        "last_login": null,
        "is_superuser": false,
        "username": "pruebapython8",
        "first_name": "",
        "last_name": "",
        "email": "huevo@gmail.com",
        "is_staff": false,
        "is_active": true,
        "date_joined": "2024-03-10T13:20:08.817Z",
        "rol": 2,
        "groups": [],
        "user_permissions": []
    }
},
{
    "model": "appFutbol.usuario",
    "pk": 11,
    "fields": {
        "password": "pbkdf2_sha256$600000$Ft10DVhEplPNpXcoel5VwR$w3BYGDhbTsyuQ/o0s3VqO7QmFWUvxUyqKgpqHq5b0/Y=",
        "last_login": null,
        "is_superuser": false,
        "username": "pruebapython10",
        "first_name": "",
        "last_name": "",
        "email": "oo@gmail.com",
        "is_staff": false,
        "is_active": true,
        "date_joined": "2024-03-10T13:24:57.685Z",
        "rol": 2,
        "groups": [],
        "user_permissions": []
    }
},
{
    "model": "appFutbol.usuario",
    "pk": 12,
    "fields": {
        "password": "pbkdf2_sha256$600000$eyESukPkmfBrHX1k4Lk1mt$FdZ3NbM7IoofwyEVLK6BOzriuGsD/auNNjU0Bb2Rblk=",
        "last_login": null,
        "is_superuser": false,
        "username": "pruebapython11",
        "first_name": "",
        "last_name": "",
        "email": "huevo@gmail.com",
        "is_staff": false,
        "is_active": true,
        "date_joined": "2024-03-10T13:29:08.231Z",
        "rol": 3,
        "groups": [],
        "user_permissions": []
    }
},
{
    "model": "appFutbol.usuario",
    "pk": 13,
    "fields": {
        "password": "pbkdf2_sha256$600000$C5ZSZhKhIimyTBtFFz22pS$xS+Ap5UUtfz4wHN3b0fAq2D0iKqvWtHkKuDDhfebsp0=",
        "last_login": null,
        "is_superuser": false,
        "username": "pruebapython13",
        "first_name": "",
        "last_name": "",
        "email": "ww@gmail.com",
        "is_staff": false,
        "is_active": true,
        "date_joined": "2024-03-10T15:50:04.482Z",
        "rol": 2,
        "groups": [],
        "user_permissions": []
    }
},
{
    "model": "appFutbol.usuario",
    "pk": 14,
    "fields": {
        "password": "pbkdf2_sha256$600000$jqKiw0ABfVcIrE4CCgkKcq$0sEMI9ezThcfewyQP/DudfNYgtsiXaCPJIWK3+5Elec=",
        "last_login": "2024-03-10T16:03:48.521Z",
        "is_superuser": true,
        "username": "manuel",
        "first_name": "",
        "last_name": "",
        "email": "",
        "is_staff": true,
        "is_active": true,
        "date_joined": "2024-03-10T16:03:40.133Z",
        "rol": 1,
        "groups": [],
        "user_permissions": []
    }
},
{
    "model": "appFutbol.usuario",
    "pk": 15,
    "fields": {
        "password": "pbkdf2_sha256$600000$yRrsp9RJmKTsqMPfjRVmDg$Yxo8+0IDUtfkTKNO1CacJjbP/oYS13G2rV8AhKQ7FDk=",
        "last_login": null,
        "is_superuser": false,
        "username": "pruebaDAW10",
        "first_name": "",
        "last_name": "",
        "email": "ww@gmail.com",
        "is_staff": false,
        "is_active": true,
        "date_joined": "2024-03-10T16:11:22.891Z",
        "rol": 2,
        "groups": [
            1
        ],
        "user_permissions": []
    }
},
{
    "model": "appFutbol.usuario",
    "pk": 16,
    "fields": {
        "password": "pbkdf2_sha256$600000$CnHJEDhpwBUaBcGWg3OX8A$X4LJb6qtk9ASrFMPPdU/NIFQNy6GKytczPw8YY13EFs=",
        "last_login": null,
        "is_superuser": false,
        "username": "pruebaDAW11",
        "first_name": "",
        "last_name": "",
        "email": "ww@gmail.com",
        "is_staff": false,
        "is_active": true,
        "date_joined": "2024-03-10T16:14:34.752Z",
        "rol": 2,
        "groups": [
            1
        ],
        "user_permissions": []
    }
},
{
    "model": "appFutbol.usuario",
    "pk": 17,
    "fields": {
        "password": "pbkdf2_sha256$600000$ebt26dhHFFomb2iVFApolx$Yk/G+qCWyHtNuWCCheLmzRjpF4aQS8YeY4TFdhojg3E=",
        "last_login": null,
        "is_superuser": false,
        "username": "pruebaDAW14",
        "first_name": "",
        "last_name": "",
        "email": "ww@gmail.com",
        "is_staff": false,
        "is_active": true,
        "date_joined": "2024-03-10T16:22:21.710Z",
        "rol": 2,
        "groups": [
            1
        ],
        "user_permissions": []
    }
},
{
    "model": "appFutbol.usuario",
    "pk": 18,
    "fields": {
        "password": "pbkdf2_sha256$600000$QVGqSovDwt8Ukza6UdxT1u$ETyjTRqUj3epEgWhCCzDIQFlPK7OrAkdw8T132zcMMc=",
        "last_login": null,
        "is_superuser": false,
        "username": "pruebaDAW15",
        "first_name": "",
        "last_name": "",
        "email": "ww@gmail.com",
        "is_staff": false,
        "is_active": true,
        "date_joined": "2024-03-10T16:23:44.476Z",
        "rol": 2,
        "groups": [
            1
        ],
        "user_permissions": []
    }
},
{
    "model": "appFutbol.usuario",
    "pk": 19,
    "fields": {
        "password": "pbkdf2_sha256$600000$OcpF56R0QYVAO8TOUsahGZ$E2rSWp83OYH7INM8x8Q/UMUfarHisSeXR6Iah/Z8sQg=",
        "last_login": null,
        "is_superuser": false,
        "username": "duenyorecinto15",
        "first_name": "",
        "last_name": "",
        "email": "ww@gmail.com",
        "is_staff": false,
        "is_active": true,
        "date_joined": "2024-03-10T16:27:37.154Z",
        "rol": 3,
        "groups": [
            2
        ],
        "user_permissions": []
    }
},
{
    "model": "appFutbol.cliente",
    "pk": 1,
    "fields": {
        "usuario": 15,
        "nivel": 0.0,
        "telefono": ""
    }
},
{
    "model": "appFutbol.cliente",
    "pk": 2,
    "fields": {
        "usuario": 16,
        "nivel": 0.0,
        "telefono": ""
    }
},
{
    "model": "appFutbol.cliente",
    "pk": 3,
    "fields": {
        "usuario": 17,
        "nivel": 0.0,
        "telefono": ""
    }
},
{
    "model": "appFutbol.cliente",
    "pk": 4,
    "fields": {
        "usuario": 18,
        "nivel": 0.0,
        "telefono": ""
    }
},
{
    "model": "appFutbol.duenyorecinto",
    "pk": 1,
    "fields": {
        "usuario": 19,
        "telefono": ""
    }
},
{
    "model": "appFutbol.recinto",
    "pk": 2,
    "fields": {
        "nombre": "El Sevilla 3000",
        "ubicacion": "Las 3000",
        "telefono": "967433323",
        "latitud": 37.358248,
        "longitud": -5.970545,
        "duenyo_recinto": 1
    }
},
{
    "model": "appFutbol.recinto",
    "pk": 4,
    "fields": {
        "nombre": "Centro Deportivo La Oliva",
        "ubicacion": "La Oliva",
        "telefono": "661444444",
        "latitud": 37.362948,
        "longitud": -5.97168,
        "duenyo_recinto": 1
    }
},
{
    "model": "appFutbol.partido",
    "pk": 4,
    "fields": {
        "hora": "20:00:00",
        "estado": "A",
        "tipo": "Pu",
        "estilo": "7",
        "creador": 4,
        "campo_reservado": 2
    }
},
{
    "model": "appFutbol.partido",
    "pk": 5,
    "fields": {
        "hora": "09:00:00",
        "estado": "A",
        "tipo": "Pr",
        "estilo": "5",
        "creador": 4,
        "campo_reservado": 4
    }
},
{
    "model": "appFutbol.jugador_partido",
    "pk": 4,
    "fields": {
        "cliente": 4,
        "partido": 4,
        "ganar": false
    }
},
{
    "model": "appFutbol.jugador_partido",
    "pk": 5,
    "fields": {
        "cliente": 1,
        "partido": 4,
        "ganar": false
    }
},
{
    "model": "oauth2_provider.application",
    "pk": 2,
    "fields": {
        "client_id": "client_id",
        "user": 14,
        "redirect_uris": "",
        "post_logout_redirect_uris": "",
        "client_type": "confidential",
        "authorization_grant_type": "password",
        "client_secret": "pbkdf2_sha256$600000$RjG9lFqWo6dw0fgNnDAHGg$P3PhQvUMLu6TCYtsPYvDL+kHrpyMx9B41yYDeZhQqME=",
        "name": "appFutbol",
        "skip_authorization": false,
        "created": "2024-03-10T16:21:37.658Z",
        "updated": "2024-03-10T16:21:37.659Z",
        "algorithm": ""
    }
},
{
    "model": "oauth2_provider.accesstoken",
    "pk": 1,
    "fields": {
        "user": 18,
        "source_refresh_token": null,
        "token": "ecAwHrXd7WiBVnI4F9FHdAUUL0mEz4",
        "id_token": null,
        "application": 2,
        "expires": "2024-03-11T02:24:37.086Z",
        "scope": "read write groups",
        "created": "2024-03-10T16:24:37.086Z",
        "updated": "2024-03-10T16:24:37.086Z"
    }
},
{
    "model": "oauth2_provider.accesstoken",
    "pk": 2,
    "fields": {
        "user": 18,
        "source_refresh_token": null,
        "token": "VL7C64pB5adD31kFTsvCwB32jGO8US",
        "id_token": null,
        "application": 2,
        "expires": "2024-03-11T02:26:41.517Z",
        "scope": "read write groups",
        "created": "2024-03-10T16:26:41.518Z",
        "updated": "2024-03-10T16:26:41.518Z"
    }
},
{
    "model": "oauth2_provider.accesstoken",
    "pk": 3,
    "fields": {
        "user": 19,
        "source_refresh_token": null,
        "token": "VzGMahwxBIdEUGnSNFkHJuHzfCE18e",
        "id_token": null,
        "application": 2,
        "expires": "2024-03-11T02:27:39.421Z",
        "scope": "read write groups",
        "created": "2024-03-10T16:27:39.422Z",
        "updated": "2024-03-10T16:27:39.422Z"
    }
},
{
    "model": "oauth2_provider.accesstoken",
    "pk": 4,
    "fields": {
        "user": 18,
        "source_refresh_token": null,
        "token": "53b1umz5y6S5ktmygwQSc4gDWkToz2",
        "id_token": null,
        "application": 2,
        "expires": "2024-03-11T02:38:40.417Z",
        "scope": "read write groups",
        "created": "2024-03-10T16:38:40.418Z",
        "updated": "2024-03-10T16:38:40.418Z"
    }
},
{
    "model": "oauth2_provider.accesstoken",
    "pk": 5,
    "fields": {
        "user": 19,
        "source_refresh_token": null,
        "token": "zdzL7h1rwe42EbkbW0kTPr4oKXeYDI",
        "id_token": null,
        "application": 2,
        "expires": "2024-03-11T04:22:33.353Z",
        "scope": "read write groups",
        "created": "2024-03-10T18:22:33.354Z",
        "updated": "2024-03-10T18:22:33.354Z"
    }
},
{
    "model": "oauth2_provider.accesstoken",
    "pk": 6,
    "fields": {
        "user": 18,
        "source_refresh_token": null,
        "token": "1rjMpIXKxunwwdbX4nCsnBxKia4D3X",
        "id_token": null,
        "application": 2,
        "expires": "2024-03-11T04:31:52.679Z",
        "scope": "read write groups",
        "created": "2024-03-10T18:31:52.680Z",
        "updated": "2024-03-10T18:31:52.680Z"
    }
},
{
    "model": "oauth2_provider.accesstoken",
    "pk": 7,
    "fields": {
        "user": 19,
        "source_refresh_token": null,
        "token": "2jSDTo3tXOhblaJgfiB7MntCiEfhA6",
        "id_token": null,
        "application": 2,
        "expires": "2024-03-11T04:32:32.007Z",
        "scope": "read write groups",
        "created": "2024-03-10T18:32:32.007Z",
        "updated": "2024-03-10T18:32:32.007Z"
    }
},
{
    "model": "oauth2_provider.accesstoken",
    "pk": 8,
    "fields": {
        "user": 19,
        "source_refresh_token": null,
        "token": "ScQIZsdOYnXhIXT0Ydh7e0kA04UDvq",
        "id_token": null,
        "application": 2,
        "expires": "2024-03-11T04:34:11.913Z",
        "scope": "read write groups",
        "created": "2024-03-10T18:34:11.914Z",
        "updated": "2024-03-10T18:34:11.914Z"
    }
},
{
    "model": "oauth2_provider.accesstoken",
    "pk": 9,
    "fields": {
        "user": 19,
        "source_refresh_token": null,
        "token": "MCEVt7LAI6HprGmjA50LnlWCPMtOuO",
        "id_token": null,
        "application": 2,
        "expires": "2024-03-11T04:34:37.519Z",
        "scope": "read write groups",
        "created": "2024-03-10T18:34:37.519Z",
        "updated": "2024-03-10T18:34:37.519Z"
    }
},
{
    "model": "oauth2_provider.accesstoken",
    "pk": 10,
    "fields": {
        "user": 18,
        "source_refresh_token": null,
        "token": "0SMDqgSW5nNEgTv5tDU1Ejic9Emxpu",
        "id_token": null,
        "application": 2,
        "expires": "2024-03-11T04:38:46.003Z",
        "scope": "read write groups",
        "created": "2024-03-10T18:38:46.004Z",
        "updated": "2024-03-10T18:38:46.004Z"
    }
},
{
    "model": "oauth2_provider.accesstoken",
    "pk": 11,
    "fields": {
        "user": 19,
        "source_refresh_token": null,
        "token": "WMqDJU8XSF7PrkQfV2VWIj6CWjeDN2",
        "id_token": null,
        "application": 2,
        "expires": "2024-03-11T04:39:14.946Z",
        "scope": "read write groups",
        "created": "2024-03-10T18:39:14.948Z",
        "updated": "2024-03-10T18:39:14.948Z"
    }
},
{
    "model": "oauth2_provider.accesstoken",
    "pk": 12,
    "fields": {
        "user": 19,
        "source_refresh_token": null,
        "token": "iZPlIiD2VOJsMiMSD7pgP7c9av7eBt",
        "id_token": null,
        "application": 2,
        "expires": "2024-03-11T04:55:07.990Z",
        "scope": "read write groups",
        "created": "2024-03-10T18:55:07.991Z",
        "updated": "2024-03-10T18:55:07.991Z"
    }
},
{
    "model": "oauth2_provider.accesstoken",
    "pk": 13,
    "fields": {
        "user": 19,
        "source_refresh_token": null,
        "token": "IOaQT49LVigeiG8QHf1BC1FXUE7Ue6",
        "id_token": null,
        "application": 2,
        "expires": "2024-03-11T04:55:10.493Z",
        "scope": "read write groups",
        "created": "2024-03-10T18:55:10.494Z",
        "updated": "2024-03-10T18:55:10.494Z"
    }
},
{
    "model": "oauth2_provider.accesstoken",
    "pk": 14,
    "fields": {
        "user": 19,
        "source_refresh_token": null,
        "token": "YBG52dWtzLDEu6eu3ZQOJP5LAu1sgy",
        "id_token": null,
        "application": 2,
        "expires": "2024-03-11T04:55:36.124Z",
        "scope": "read write groups",
        "created": "2024-03-10T18:55:36.125Z",
        "updated": "2024-03-10T18:55:36.125Z"
    }
},
{
    "model": "oauth2_provider.accesstoken",
    "pk": 15,
    "fields": {
        "user": 18,
        "source_refresh_token": null,
        "token": "w9CdYFFHnyBESrJNHgq5Ds7lK4UjLt",
        "id_token": null,
        "application": 2,
        "expires": "2024-03-11T08:28:52.662Z",
        "scope": "read write groups",
        "created": "2024-03-10T22:28:52.663Z",
        "updated": "2024-03-10T22:28:52.663Z"
    }
},
{
    "model": "oauth2_provider.accesstoken",
    "pk": 16,
    "fields": {
        "user": 19,
        "source_refresh_token": null,
        "token": "avdsaDM5gc0vt5Toh3Q5NGFSjQI7EU",
        "id_token": null,
        "application": 2,
        "expires": "2024-03-11T08:29:25.787Z",
        "scope": "read write groups",
        "created": "2024-03-10T22:29:25.787Z",
        "updated": "2024-03-10T22:29:25.787Z"
    }
},
{
    "model": "oauth2_provider.accesstoken",
    "pk": 17,
    "fields": {
        "user": 18,
        "source_refresh_token": null,
        "token": "hURB3cJEEIyPdjdWG4A8nBinobStpc",
        "id_token": null,
        "application": 2,
        "expires": "2024-03-11T08:32:52.781Z",
        "scope": "read write groups",
        "created": "2024-03-10T22:32:52.782Z",
        "updated": "2024-03-10T22:32:52.782Z"
    }
},
{
    "model": "oauth2_provider.accesstoken",
    "pk": 18,
    "fields": {
        "user": 19,
        "source_refresh_token": null,
        "token": "lkahtJZ6md9Nnmdmvxgw9bmbPNrzNX",
        "id_token": null,
        "application": 2,
        "expires": "2024-03-11T08:34:42.633Z",
        "scope": "read write groups",
        "created": "2024-03-10T22:34:42.634Z",
        "updated": "2024-03-10T22:34:42.634Z"
    }
},
{
    "model": "oauth2_provider.accesstoken",
    "pk": 19,
    "fields": {
        "user": 19,
        "source_refresh_token": null,
        "token": "J8PoyBBdrDICEYIhdLtn7DSCHpxyYh",
        "id_token": null,
        "application": 2,
        "expires": "2024-03-11T08:45:05.005Z",
        "scope": "read write groups",
        "created": "2024-03-10T22:45:05.006Z",
        "updated": "2024-03-10T22:45:05.006Z"
    }
},
{
    "model": "oauth2_provider.accesstoken",
    "pk": 20,
    "fields": {
        "user": 18,
        "source_refresh_token": null,
        "token": "h4VRkLL84nJPF4GnCnmsxjJ8sGBxJf",
        "id_token": null,
        "application": 2,
        "expires": "2024-03-11T08:46:35.225Z",
        "scope": "read write groups",
        "created": "2024-03-10T22:46:35.225Z",
        "updated": "2024-03-10T22:46:35.225Z"
    }
},
{
    "model": "oauth2_provider.refreshtoken",
    "pk": 1,
    "fields": {
        "user": 18,
        "token": "9iECrnfjW4JUji7vqH39kpEsoXphkS",
        "application": 2,
        "access_token": 1,
        "created": "2024-03-10T16:24:37.106Z",
        "updated": "2024-03-10T16:24:37.106Z",
        "revoked": null
    }
},
{
    "model": "oauth2_provider.refreshtoken",
    "pk": 2,
    "fields": {
        "user": 18,
        "token": "csVHxHqU69BIZRd9ygKVmIOIKiZyrt",
        "application": 2,
        "access_token": 2,
        "created": "2024-03-10T16:26:41.524Z",
        "updated": "2024-03-10T16:26:41.524Z",
        "revoked": null
    }
},
{
    "model": "oauth2_provider.refreshtoken",
    "pk": 3,
    "fields": {
        "user": 19,
        "token": "0EJTqsN8esJ1oZ6BD2Ijd2t32i5XFD",
        "application": 2,
        "access_token": 3,
        "created": "2024-03-10T16:27:39.429Z",
        "updated": "2024-03-10T16:27:39.429Z",
        "revoked": null
    }
},
{
    "model": "oauth2_provider.refreshtoken",
    "pk": 4,
    "fields": {
        "user": 18,
        "token": "Iavg64S2l8Nm5pOAcmS7CCu1ZU2G06",
        "application": 2,
        "access_token": 4,
        "created": "2024-03-10T16:38:40.424Z",
        "updated": "2024-03-10T16:38:40.424Z",
        "revoked": null
    }
},
{
    "model": "oauth2_provider.refreshtoken",
    "pk": 5,
    "fields": {
        "user": 19,
        "token": "xq0Pa52dPMv6q9Nvkp6qFbXH5BVobu",
        "application": 2,
        "access_token": 5,
        "created": "2024-03-10T18:22:33.365Z",
        "updated": "2024-03-10T18:22:33.365Z",
        "revoked": null
    }
},
{
    "model": "oauth2_provider.refreshtoken",
    "pk": 6,
    "fields": {
        "user": 18,
        "token": "xqSRrLrCzWICar4VBuSJOt40OtLxmo",
        "application": 2,
        "access_token": 6,
        "created": "2024-03-10T18:31:52.696Z",
        "updated": "2024-03-10T18:31:52.696Z",
        "revoked": null
    }
},
{
    "model": "oauth2_provider.refreshtoken",
    "pk": 7,
    "fields": {
        "user": 19,
        "token": "cXHkXpjYu55ytYTL1NNJ7VrOg7fF74",
        "application": 2,
        "access_token": 7,
        "created": "2024-03-10T18:32:32.013Z",
        "updated": "2024-03-10T18:32:32.013Z",
        "revoked": null
    }
},
{
    "model": "oauth2_provider.refreshtoken",
    "pk": 8,
    "fields": {
        "user": 19,
        "token": "9dXPej3I7yXciuwJs0OPNv1Mhybtyb",
        "application": 2,
        "access_token": 8,
        "created": "2024-03-10T18:34:11.926Z",
        "updated": "2024-03-10T18:34:11.926Z",
        "revoked": null
    }
},
{
    "model": "oauth2_provider.refreshtoken",
    "pk": 9,
    "fields": {
        "user": 19,
        "token": "KObMq1UBSzJtJZU2dl8TgaWCLuLWKS",
        "application": 2,
        "access_token": 9,
        "created": "2024-03-10T18:34:37.525Z",
        "updated": "2024-03-10T18:34:37.525Z",
        "revoked": null
    }
},
{
    "model": "oauth2_provider.refreshtoken",
    "pk": 10,
    "fields": {
        "user": 18,
        "token": "9HyiMs8slHU9JRYK2TtLrgAiXQUwbT",
        "application": 2,
        "access_token": 10,
        "created": "2024-03-10T18:38:46.009Z",
        "updated": "2024-03-10T18:38:46.009Z",
        "revoked": null
    }
},
{
    "model": "oauth2_provider.refreshtoken",
    "pk": 11,
    "fields": {
        "user": 19,
        "token": "QWICEXswj5gahDXMt5l7gun0OrgN65",
        "application": 2,
        "access_token": 11,
        "created": "2024-03-10T18:39:14.961Z",
        "updated": "2024-03-10T18:39:14.961Z",
        "revoked": null
    }
},
{
    "model": "oauth2_provider.refreshtoken",
    "pk": 12,
    "fields": {
        "user": 19,
        "token": "M6XIvZGHUP86cphW5pAZMof7gsGl01",
        "application": 2,
        "access_token": 12,
        "created": "2024-03-10T18:55:08.003Z",
        "updated": "2024-03-10T18:55:08.003Z",
        "revoked": null
    }
},
{
    "model": "oauth2_provider.refreshtoken",
    "pk": 13,
    "fields": {
        "user": 19,
        "token": "lEsxUwe1JS4jGydrRQqTBFGSYTUS1X",
        "application": 2,
        "access_token": 13,
        "created": "2024-03-10T18:55:10.501Z",
        "updated": "2024-03-10T18:55:10.501Z",
        "revoked": null
    }
},
{
    "model": "oauth2_provider.refreshtoken",
    "pk": 14,
    "fields": {
        "user": 19,
        "token": "R7jyziABYDH0I80V7YYoDVLouMFc3h",
        "application": 2,
        "access_token": 14,
        "created": "2024-03-10T18:55:36.135Z",
        "updated": "2024-03-10T18:55:36.136Z",
        "revoked": null
    }
},
{
    "model": "oauth2_provider.refreshtoken",
    "pk": 15,
    "fields": {
        "user": 18,
        "token": "EGg183QuRRXg1W8ZoMM18nJ15srqjL",
        "application": 2,
        "access_token": 15,
        "created": "2024-03-10T22:28:52.669Z",
        "updated": "2024-03-10T22:28:52.669Z",
        "revoked": null
    }
},
{
    "model": "oauth2_provider.refreshtoken",
    "pk": 16,
    "fields": {
        "user": 19,
        "token": "sbmVp2H0xxws4d670Te8tTnY8PHlqc",
        "application": 2,
        "access_token": 16,
        "created": "2024-03-10T22:29:25.793Z",
        "updated": "2024-03-10T22:29:25.793Z",
        "revoked": null
    }
},
{
    "model": "oauth2_provider.refreshtoken",
    "pk": 17,
    "fields": {
        "user": 18,
        "token": "DMKiAwkvN0XduOAGUTyIXfvOoI9HOT",
        "application": 2,
        "access_token": 17,
        "created": "2024-03-10T22:32:52.789Z",
        "updated": "2024-03-10T22:32:52.789Z",
        "revoked": null
    }
},
{
    "model": "oauth2_provider.refreshtoken",
    "pk": 18,
    "fields": {
        "user": 19,
        "token": "OZQdG9R9xKWDq70r1gsGDhGVPoiGbG",
        "application": 2,
        "access_token": 18,
        "created": "2024-03-10T22:34:42.647Z",
        "updated": "2024-03-10T22:34:42.647Z",
        "revoked": null
    }
},
{
    "model": "oauth2_provider.refreshtoken",
    "pk": 19,
    "fields": {
        "user": 19,
        "token": "xVPcFGmQlO94YAldk6bliGocKOKBwk",
        "application": 2,
        "access_token": 19,
        "created": "2024-03-10T22:45:05.013Z",
        "updated": "2024-03-10T22:45:05.013Z",
        "revoked": null
    }
},
{
    "model": "oauth2_provider.refreshtoken",
    "pk": 20,
    "fields": {
        "user": 18,
        "token": "QjsVr4P4lvJUqlDCbHLzlQWVm12Y21",
        "application": 2,
        "access_token": 20,
        "created": "2024-03-10T22:46:35.231Z",
        "updated": "2024-03-10T22:46:35.231Z",
        "revoked": null
    }
}
]
